player_id,name,team,position_group,matches_played,minutes_total,minutes_avg,tackles_per80,tackle_success_pct,carries_per80,meters_per80,passes_per80,kick_meters_per80,penalties_per80,offloads_per80,line_breaks_per80,turnovers_won_per80,turnovers_lost_per80,points_scored_per80,errors_per80,ruck_arrivals_per80,lineout_wins_per80,scrum_success_pct
lnr_862,B. Massa,Clermont,FRONT_ROW,16,801.0,50.1,10.49,,,,,,,0.4,0.2,0.6,,3.0,,,,
lnr_694,C. Ojovan,Clermont,FRONT_ROW,16,681.0,42.6,10.34,,,,,,,0.12,0.0,0.12,,0.0,,,,
lnr_11554,Killian Tixeront,Clermont,BACK_ROW,16,931.0,58.2,9.71,,,,,,,0.09,0.34,0.0,,0.86,,,,
lnr_184,Giorgi Akhaladze,Clermont,FRONT_ROW,15,736.0,49.1,9.13,,,,,,,0.22,0.0,0.0,,2.17,,,,
lnr_2446,S. Tolofua,Clermont,CENTRE,15,865.0,57.7,11.47,,,,,,,1.57,0.09,0.09,,0.92,,,,
lnr_2655,Thomas Ceyte,Clermont,LOCK,14,886.0,63.3,9.3,,,,,,,1.72,0.18,0.18,,0.0,,,,
lnr_657,Etienne Fourcade,Clermont,FRONT_ROW,14,443.0,31.6,8.49,,,,,,,0.18,0.18,0.36,,1.81,,,,
lnr_11297,B. Jauneau,Clermont,SCRUM_HALF,14,790.0,56.4,7.7,,,,,,,1.01,0.71,0.3,,3.04,,,,
lnr_5847,Robert Simmons,Clermont,LOCK,14,738.0,52.7,9.11,,,,,,,0.54,0.11,0.33,,0.0,,,,
lnr_2195,Anthime Hemery,Clermont,BACK_ROW,13,522.0,40.2,12.41,,,,,,,0.61,0.31,0.61,,0.0,,,,
lnr_921,Régis Montagne,Clermont,FRONT_ROW,13,600.0,46.2,9.73,,,,,,,0.27,0.0,0.4,,0.0,,,,
lnr_1793,Kylan Hamdaoui,Clermont,FULLBACK,12,754.0,62.8,2.33,,,,,,,0.74,1.27,0.11,,2.65,,,,
lnr_646,Alex Newsome,Clermont,FULLBACK,12,808.0,67.3,2.87,,,,,,,0.79,0.4,0.1,,2.48,,,,
lnr_12302,P. Sowakula,Clermont,BACK_ROW,12,784.0,65.3,8.98,,,,,,,1.53,0.2,0.0,,0.51,,,,
lnr_937,Lucas Zamora,Clermont,SCRUM_HALF,12,407.0,33.9,5.7,,,,,,,1.38,0.79,0.0,,2.95,,,,
lnr_712,B. Delguy,Clermont,WINGER,11,827.0,75.2,3.1,,,,,,,0.39,0.58,0.0,,0.97,,,,
lnr_402,Joris Jurand,Clermont,CENTRE,11,811.0,73.7,3.26,,,,,,,0.89,0.79,0.0,,2.96,,,,
lnr_1544,A. Loaloa,Clermont,CENTRE,11,821.0,74.6,8.77,,,,,,,1.17,0.39,0.68,,0.49,,,,
lnr_906,Pio Muarua,Clermont,BACK_ROW,11,345.0,31.4,8.35,,,,,,,0.7,0.23,0.23,,1.16,,,,
lnr_2709,L. Darricarrere,Clermont,CENTRE,10,730.0,73.0,4.6,,,,,,,0.44,0.33,0.0,,0.55,,,,
lnr_711,Thibaud Lanen,Clermont,LOCK,10,453.0,45.3,13.77,,,,,,,0.71,0.0,0.35,,0.0,,,,
lnr_2023,Sacha Lotrian,Clermont,FRONT_ROW,10,290.0,29.0,16.28,,,,,,,0.55,0.0,0.0,,2.76,,,,
lnr_382,Tom Raffy,Clermont,FLY_HALF,10,180.0,18.0,4.0,,,,,,,0.0,0.0,0.0,,9.78,,,,
lnr_661,Lucas Dessaigne,Clermont,BACK_ROW,9,360.0,40.0,16.67,,,,,,,0.0,0.0,0.0,,1.11,,,,
lnr_667,Etienne Falgoux,Clermont,FRONT_ROW,9,316.0,35.1,9.11,,,,,,,0.0,0.0,0.0,,1.27,,,,
lnr_647,I. Simone,Clermont,CENTRE,9,398.0,44.2,6.83,,,,,,,0.2,1.01,0.0,,0.0,,,,
lnr_2444,Lucas Tauzin,Clermont,WINGER,9,518.0,57.6,3.4,,,,,,,0.31,0.62,0.15,,1.54,,,,
lnr_669,S. Bezy,Clermont,SCRUM_HALF,8,265.0,33.1,6.04,,,,,,,1.81,0.91,0.0,,1.51,,,,
lnr_460,T. Ratuva,Clermont,LOCK,8,550.0,68.8,7.71,,,,,,,1.45,0.44,0.44,,1.45,,,,
lnr_3233,G. Dzmanashvili,Clermont,FRONT_ROW,7,151.0,21.6,8.48,,,,,,,0.0,0.0,0.0,,5.3,,,,
lnr_1745,Marcos Kremer,Clermont,BACK_ROW,7,514.0,73.4,12.61,,,,,,,0.31,0.0,0.16,,0.0,,,,
lnr_696,A. Raka,Clermont,WINGER,5,304.0,60.8,1.58,,,,,,,0.79,1.05,0.26,,5.26,,,,
lnr_11002,Yerim Fall,Clermont,CENTRE,4,320.0,80.0,4.25,,,,,,,0.25,0.0,0.25,,2.5,,,,
lnr_2456,Pierre Fouyssac,Clermont,WINGER,4,211.0,52.8,7.96,,,,,,,1.14,0.38,0.0,,0.0,,,,
lnr_12492,Axel Guillaud,Clermont,FULLBACK,4,231.0,57.8,0.69,,,,,,,0.0,1.04,0.0,,1.73,,,,
lnr_12343,L. Michaux Vargas,Clermont,LOCK,4,183.0,45.8,8.31,,,,,,,0.87,0.0,0.44,,0.0,,,,
lnr_709,George Moala,Clermont,CENTRE,3,181.0,60.3,3.54,,,,,,,0.88,0.44,0.0,,4.42,,,,
lnr_648,Mathys Belaubre,Clermont,CENTRE,2,158.0,79.0,5.57,,,,,,,0.51,0.0,0.0,,0.0,,,,
lnr_13540,Timéo Frier,Clermont,CENTRE,2,40.0,20.0,2.0,,,,,,,0.0,0.0,2.0,,0.0,,,,
lnr_655,Mathéo Frisach,Clermont,FRONT_ROW,2,88.0,44.0,10.91,,,,,,,0.0,0.0,0.0,,0.0,,,,
lnr_2008,L. Lam,Clermont,FRONT_ROW,1,68.0,,5.88,,,,,,,0.0,0.0,0.0,,0.0,,,,
lnr_2569,Ewan Johnson,Bayonne,LOCK,17,857.0,50.4,9.52,,,,,,,0.19,0.09,0.19,,0.0,,,,
lnr_2102,Lucas Martin,Bayonne,FRONT_ROW,16,603.0,37.7,11.54,,,,,,,0.53,0.4,0.27,,3.32,,,,
lnr_707,C. Tiberghien,Bayonne,FULLBACK,16,947.0,59.2,1.77,,,,,,,0.34,0.42,0.08,,1.52,,,,
lnr_2658,Facundo Bosch,Bayonne,FRONT_ROW,15,677.0,45.1,12.76,,,,,,,0.95,0.0,0.47,,0.59,,,,
lnr_2612,Sireli Maqala,Bayonne,CENTRE,14,893.0,63.8,5.38,,,,,,,0.9,0.72,0.36,,2.24,,,,
lnr_2349,Emerick Setiano,Bayonne,FRONT_ROW,14,616.0,44.0,6.75,,,,,,,0.13,0.13,0.0,,0.0,,,,
lnr_2565,Andy Bordelai,Bayonne,FRONT_ROW,13,711.0,54.7,9.68,,,,,,,0.0,0.11,0.0,,0.0,,,,
lnr_2645,Pascal Cotet,Bayonne,FRONT_ROW,13,429.0,33.0,8.21,,,,,,,0.19,0.0,0.0,,0.0,,,,
lnr_663,A. Fischer,Bayonne,BACK_ROW,13,721.0,55.5,9.65,,,,,,,0.55,0.44,0.33,,1.66,,,,
lnr_2633,B. Heguy,Bayonne,BACK_ROW,13,656.0,50.5,10.12,,,,,,,0.24,0.12,0.12,,0.0,,,,
lnr_690,Arthur Iturria,Bayonne,LOCK,13,763.0,58.7,9.65,,,,,,,0.52,0.0,0.21,,1.05,,,,
lnr_2628,Yohan Orabe,Bayonne,FULLBACK,13,695.0,53.5,5.06,,,,,,,0.23,0.69,0.0,,0.58,,,,
lnr_462,Rodrigo Bruni,Bayonne,BACK_ROW,12,790.0,65.8,9.92,,,,,,,0.91,0.41,0.41,,1.01,,,,
lnr_241,B. Germain,Bayonne,SCRUM_HALF,12,641.0,53.4,6.61,,,,,,,0.62,0.12,0.12,,4.12,,,,
lnr_416,L. Paulos Adler,Bayonne,LOCK,12,682.0,56.8,8.68,,,,,,,0.12,0.0,0.23,,1.17,,,,
lnr_2607,Esteban Capilla,Bayonne,BACK_ROW,11,679.0,61.7,10.01,,,,,,,0.59,0.82,0.35,,4.12,,,,
lnr_2609,A. Erbinartegaray,Bayonne,FULLBACK,11,846.0,76.9,4.63,,,,,,,0.57,0.66,0.0,,0.47,,,,
lnr_2657,G. Martocq,Bayonne,CENTRE,11,652.0,59.3,6.99,,,,,,,0.12,0.0,0.0,,0.0,,,,
lnr_13647,Robert Leota,Bayonne,BACK_ROW,10,676.0,67.6,9.94,,,,,,,0.0,0.24,0.12,,0.59,,,,
lnr_12628,E. Tuilagi,Bayonne,CENTRE,10,676.0,67.6,5.44,,,,,,,0.36,0.47,0.12,,0.59,,,,
lnr_12629,A. Moon,Bayonne,LOCK,9,441.0,49.0,9.8,,,,,,,0.18,0.0,0.0,,0.0,,,,
lnr_11937,B. Tilloles,Bayonne,SCRUM_HALF,8,216.0,27.0,2.22,,,,,,,0.37,0.0,0.0,,0.0,,,,
lnr_3252,M. Ariceta Maestro,Bayonne,BACK_ROW,7,151.0,21.6,13.25,,,,,,,0.0,1.06,0.0,,0.0,,,,
lnr_1885,Ignacio Calles,Bayonne,FRONT_ROW,7,324.0,46.3,7.9,,,,,,,0.25,0.0,0.49,,0.0,,,,
lnr_12404,Mateo Carreras,Bayonne,WINGER,7,470.0,67.1,4.09,,,,,,,0.68,1.36,0.0,,3.4,,,,
lnr_2669,Swan Cormenier,Bayonne,FRONT_ROW,7,199.0,28.4,7.24,,,,,,,0.0,0.0,0.4,,0.0,,,,
lnr_1424,V. Giudicelli,Bayonne,FRONT_ROW,7,218.0,31.1,13.94,,,,,,,0.0,0.37,0.37,,1.83,,,,
lnr_1812,G. Habel Kuffner,Bayonne,BACK_ROW,7,373.0,53.3,8.15,,,,,,,0.43,0.21,0.0,,0.0,,,,
lnr_280,F. Mori,Bayonne,CENTRE,7,391.0,55.9,3.89,,,,,,,0.82,0.2,0.0,,0.0,,,,
lnr_13654,G. Anscombe,Bayonne,FLY_HALF,6,164.0,27.3,7.8,,,,,,,0.0,0.0,0.0,,3.41,,,,
lnr_2171,B. Chouzenoux,Bayonne,BACK_ROW,5,211.0,42.2,7.58,,,,,,,0.76,0.0,0.0,,0.0,,,,
lnr_2100,Luke Tagi,Bayonne,FRONT_ROW,5,200.0,40.0,8.0,,,,,,,1.2,0.0,0.0,,0.0,,,,
lnr_13711,H. González Hernández,Bayonne,FRONT_ROW,4,100.0,25.0,12.8,,,,,,,0.0,0.0,0.8,,0.0,,,,
lnr_2640,Maxime Machenaud,Bayonne,SCRUM_HALF,4,143.0,35.8,6.15,,,,,,,1.68,0.0,0.0,,0.0,,,,
lnr_11813,Pierre Castillon,Bayonne,FRONT_ROW,3,83.0,27.7,14.46,,,,,,,0.0,0.0,0.0,,0.0,,,,
lnr_724,M. Fepulea'i,Bayonne,FRONT_ROW,3,110.0,36.7,5.82,,,,,,,0.0,0.0,0.0,,0.0,,,,
lnr_3063,Victor Hannoun,Bayonne,WINGER,3,218.0,72.7,4.04,,,,,,,0.0,0.0,0.37,,0.0,,,,
lnr_2674,Tevita Tatafu,Bayonne,FRONT_ROW,3,100.0,33.3,8.0,,,,,,,0.0,0.0,0.0,,4.0,,,,
lnr_13648,A. Garcia Iandolino,Bayonne,LOCK,2,40.0,20.0,10.0,,,,,,,0.0,0.0,0.0,,0.0,,,,
lnr_11728,G. Lapegue Lafaye,Bayonne,CENTRE,2,74.0,37.0,0.0,,,,,,,0.0,0.0,0.0,,0.0,,,,
lnr_14057,Raphael Marchesin,Bayonne,BACK_ROW,2,62.0,31.0,15.48,,,,,,,0.0,0.0,0.0,,0.0,,,,
lnr_1805,Nadir Megdoud,Bayonne,WINGER,1,80.0,80.0,6.0,,,,,,,0.0,1.0,0.0,,0.0,,,,
lnr_11435,Teddy Durand,Castres,FRONT_ROW,17,914.0,53.8,11.47,,,,,,,0.35,0.09,0.09,,1.31,,,,
lnr_560,L. Guerois Galisson,Castres,FRONT_ROW,17,696.0,40.9,11.95,,,,,,,0.0,0.0,0.0,,0.57,,,,
lnr_624,F. Vanverberghe,Castres,LOCK,15,908.0,60.5,13.66,,,,,,,0.09,0.0,0.0,,0.0,,,,
lnr_11820,E. Goodhue,Castres,CENTRE,14,921.0,65.8,10.77,,,,,,,0.78,0.35,0.17,,1.3,,,,
lnr_640,T. Staniforth,Castres,LOCK,14,666.0,47.6,16.1,,,,,,,0.12,0.0,0.12,,0.0,,,,
lnr_549,V. Botitu,Castres,CENTRE,13,829.0,63.8,7.04,,,,,,,0.87,0.68,0.0,,1.93,,,,
lnr_1892,G. Ducat,Castres,LOCK,13,846.0,65.1,7.47,,,,,,,0.09,0.0,0.0,,0.0,,,,
lnr_611,J. Fernandez,Castres,SCRUM_HALF,13,536.0,41.2,5.97,,,,,,,0.45,0.45,0.45,,8.96,,,,
lnr_990,Pierre Popelin,Castres,FULLBACK,13,691.0,53.2,3.01,,,,,,,0.69,0.12,0.0,,9.96,,,,
lnr_555,S. Arata Perrone,Castres,SCRUM_HALF,12,717.0,59.8,7.7,,,,,,,1.34,0.45,0.0,,1.12,,,,
lnr_550,Tyler Ardron,Castres,LOCK,12,822.0,68.5,9.64,,,,,,,0.68,0.19,0.29,,0.97,,,,
lnr_599,Mathieu Babillot,Castres,BACK_ROW,12,735.0,61.2,10.56,,,,,,,0.54,0.0,0.33,,0.0,,,,
lnr_1888,Nicolas Corato,Castres,FRONT_ROW,12,419.0,34.9,9.16,,,,,,,0.0,0.0,0.0,,0.0,,,,
lnr_580,G. Maravat,Castres,BACK_ROW,12,451.0,37.6,9.93,,,,,,,0.0,0.0,0.0,,0.0,,,,
lnr_633,B. Cope,Castres,BACK_ROW,11,378.0,34.4,18.2,,,,,,,0.21,0.21,0.42,,0.0,,,,
lnr_606,B. Delaporte,Castres,BACK_ROW,11,776.0,70.5,12.99,,,,,,,0.21,0.0,0.31,,0.0,,,,
lnr_596,Adrien Seguret,Castres,CENTRE,11,269.0,24.5,5.65,,,,,,,0.3,0.0,0.0,,0.0,,,,
lnr_612,G. Doubrere,Castres,SCRUM_HALF,10,182.0,18.2,7.91,,,,,,,0.44,0.0,0.44,,0.0,,,,
lnr_1562,C. Guetang Ambadiang,Castres,WINGER,10,778.0,77.8,5.45,,,,,,,1.03,0.82,0.31,,2.57,,,,
lnr_13511,V. Karawalevu,Castres,WINGER,10,619.0,61.9,3.36,,,,,,,0.9,1.29,0.0,,0.65,,,,
lnr_384,Abraham Papalii,Castres,LOCK,10,487.0,48.7,8.21,,,,,,,1.15,0.16,0.0,,1.64,,,,
lnr_593,Antoine Tichit,Castres,FRONT_ROW,10,303.0,30.3,8.18,,,,,,,0.0,0.0,0.0,,0.0,,,,
lnr_68,L. Zarantonello,Castres,FRONT_ROW,10,303.0,30.3,15.31,,,,,,,0.0,0.0,0.0,,2.64,,,,
lnr_12516,William Collier,Castres,FRONT_ROW,9,391.0,43.4,7.57,,,,,,,0.0,0.0,0.2,,1.02,,,,
lnr_603,G. Palis,Castres,FULLBACK,9,455.0,50.6,3.87,,,,,,,0.18,0.35,0.0,,1.41,,,,
lnr_2989,Adam Vargas,Castres,WINGER,9,703.0,78.1,5.01,,,,,,,0.57,0.8,0.11,,1.14,,,,
lnr_595,A. Azar,Castres,FRONT_ROW,8,452.0,56.5,7.79,,,,,,,0.0,0.18,0.53,,0.0,,,,
lnr_591,Adrea Cocagi,Castres,CENTRE,8,510.0,63.8,9.88,,,,,,,0.47,0.0,0.31,,0.0,,,,
lnr_427,Enzo Herve,Castres,FLY_HALF,8,417.0,52.1,4.41,,,,,,,0.19,0.19,0.0,,5.76,,,,
lnr_592,Quentin Walcker,Castres,FRONT_ROW,8,421.0,52.6,9.31,,,,,,,0.0,0.19,0.0,,0.0,,,,
lnr_585,L. Chilachava,Castres,FRONT_ROW,7,177.0,25.3,6.33,,,,,,,0.45,0.0,0.0,,0.0,,,,
lnr_2596,N. Hulleu,Castres,WINGER,7,466.0,66.6,3.78,,,,,,,0.34,0.86,0.0,,3.43,,,,
lnr_2677,Remy Baget,Castres,WINGER,6,387.0,64.5,3.72,,,,,,,1.24,0.21,0.62,,1.03,,,,
lnr_637,Pierre Colonna,Castres,FRONT_ROW,6,197.0,32.8,11.37,,,,,,,0.0,0.0,0.0,,2.03,,,,
lnr_11838,Louka Guilhot,Castres,FLY_HALF,6,163.0,27.2,5.4,,,,,,,0.49,0.0,0.0,,3.93,,,,
lnr_1264,V. Ramototabua,Castres,WINGER,6,244.0,40.7,13.77,,,,,,,0.0,0.0,0.33,,3.28,,,,
lnr_556,F. Tukino,Castres,BACK_ROW,6,287.0,47.8,8.64,,,,,,,0.28,0.0,0.28,,0.0,,,,
lnr_687,Paul Jedrasiak,Castres,LOCK,5,242.0,48.4,9.59,,,,,,,0.0,0.0,0.0,,0.0,,,,
lnr_553,Louis Le Brun,Castres,FLY_HALF,3,177.0,59.0,2.71,,,,,,,0.45,0.0,0.45,,6.78,,,,
lnr_533,Simon Meka,Castres,LOCK,3,153.0,51.0,13.07,,,,,,,0.0,0.0,0.0,,2.61,,,,
lnr_575,Leone Nakarawa,Castres,LOCK,3,95.0,31.7,4.21,,,,,,,4.21,0.0,0.0,,0.0,,,,
lnr_1084,G. Marchand,Lyon,FRONT_ROW,15,666.0,44.4,15.74,,,,,,,0.24,0.12,0.36,,0.0,,,,
lnr_857,Irakli Aptsiauri,Lyon,FRONT_ROW,14,590.0,42.1,14.24,,,,,,,0.14,0.0,0.27,,0.68,,,,
lnr_1081,Léo Berdeu,Lyon,FLY_HALF,14,743.0,53.1,5.81,,,,,,,1.08,0.43,0.0,,9.48,,,,
lnr_1068,Esteban Gonzalez,Lyon,SCRUM_HALF,14,365.0,26.1,7.23,,,,,,,0.22,1.32,0.0,,4.38,,,,
lnr_12591,J. Ainsley,Lyon,FRONT_ROW,13,671.0,51.6,11.92,,,,,,,0.12,0.12,0.12,,0.0,,,,
lnr_1700,Charlie Cassang,Lyon,SCRUM_HALF,13,638.0,49.1,5.14,,,,,,,0.75,0.38,0.0,,1.88,,,,
lnr_2200,T. Moukoro Abouem,Lyon,FRONT_ROW,13,471.0,36.2,17.49,,,,,,,0.0,0.34,0.34,,5.1,,,,
lnr_1083,J. Rey,Lyon,FRONT_ROW,13,570.0,43.8,14.6,,,,,,,0.0,0.14,0.0,,0.0,,,,
lnr_838,Janse Roux,Lyon,LOCK,13,519.0,39.9,14.34,,,,,,,0.0,0.0,0.31,,0.0,,,,
lnr_2277,J. Wainiqolo,Lyon,WINGER,13,970.0,74.6,5.11,,,,,,,1.4,1.73,0.0,,6.19,,,,
lnr_1125,Ethan Dumortier,Lyon,CENTRE,12,819.0,68.2,5.57,,,,,,,0.39,1.56,0.0,,2.44,,,,
lnr_2122,Martin Meliande,Lyon,FLY_HALF,12,651.0,54.2,2.95,,,,,,,0.61,0.49,0.12,,8.73,,,,
lnr_2165,Camille Chat,Lyon,FRONT_ROW,11,499.0,45.4,11.7,,,,,,,0.8,0.16,0.16,,0.8,,,,
lnr_179,Gabin Lorre,Lyon,FULLBACK,11,828.0,75.3,3.57,,,,,,,0.48,0.58,0.0,,1.74,,,,
lnr_1077,Arno Botha,Lyon,BACK_ROW,10,498.0,49.8,12.85,,,,,,,0.16,0.0,0.0,,0.0,,,,
lnr_1105,Killian Geraci,Lyon,LOCK,10,457.0,45.7,13.48,,,,,,,0.0,0.0,0.18,,1.75,,,,
lnr_1052,L. Allen,Lyon,BACK_ROW,9,451.0,50.1,17.92,,,,,,,0.0,0.0,1.42,,0.89,,,,
lnr_13410,I. Baleiwairiki,Lyon,CENTRE,9,528.0,58.7,8.64,,,,,,,0.91,1.06,0.15,,3.03,,,,
lnr_2162,Cedate Gomes Sa,Lyon,FRONT_ROW,9,163.0,18.1,13.74,,,,,,,0.49,0.0,0.0,,0.0,,,,
lnr_1123,M. Guillard,Lyon,LOCK,9,571.0,63.4,15.13,,,,,,,0.0,0.28,0.28,,0.0,,,,
lnr_11734,Monty Ioane,Lyon,WINGER,9,621.0,69.0,3.48,,,,,,,1.16,0.77,0.0,,3.22,,,,
lnr_1095,Félix Lambey,Lyon,LOCK,9,411.0,45.7,14.21,,,,,,,0.19,0.0,0.19,,0.0,,,,
lnr_1126,Alfred Parisien,Lyon,CENTRE,9,401.0,44.6,5.19,,,,,,,0.2,0.0,0.0,,0.0,,,,
lnr_1106,B. Couilloud,Lyon,SCRUM_HALF,8,450.0,56.2,4.98,,,,,,,1.07,1.42,0.18,,2.67,,,,
lnr_11474,D. Jackson,Lyon,FLY_HALF,8,313.0,39.1,6.13,,,,,,,0.26,0.0,0.26,,9.97,,,,
lnr_1107,Hamza Kaabeche,Lyon,FRONT_ROW,8,364.0,45.5,9.23,,,,,,,0.22,0.0,0.44,,0.0,,,,
lnr_1074,J. Maraku,Lyon,CENTRE,8,531.0,66.4,9.34,,,,,,,0.0,0.3,0.0,,0.75,,,,
lnr_1127,Beka Saginadze,Lyon,LOCK,8,355.0,44.4,9.46,,,,,,,0.23,0.0,0.45,,0.0,,,,
lnr_929,M. Sarragallet,Lyon,FRONT_ROW,8,212.0,26.5,19.25,,,,,,,1.13,0.0,0.38,,0.0,,,,
lnr_1584,B. Shvangiradze,Lyon,BACK_ROW,7,300.0,42.9,13.6,,,,,,,0.27,0.27,0.8,,0.0,,,,
lnr_1124,A. Tchaptchet Noutcha,Lyon,FULLBACK,7,399.0,57.0,3.41,,,,,,,0.6,0.2,0.0,,0.0,,,,
lnr_1117,M. Okuya,Lyon,BACK_ROW,6,284.0,47.3,16.06,,,,,,,0.28,0.0,0.28,,0.0,,,,
lnr_1101,Thibaut Regard,Lyon,CENTRE,4,231.0,57.8,7.27,,,,,,,0.0,0.0,0.0,,0.0,,,,
lnr_1128,Maxime Gouzou,Lyon,BACK_ROW,3,54.0,18.0,5.93,,,,,,,0.0,0.0,0.0,,0.0,,,,
lnr_1037,Arthur Mathiron,Lyon,CENTRE,3,91.0,30.3,7.91,,,,,,,0.0,0.0,0.0,,0.0,,,,
lnr_1437,Vincent Rattez,Lyon,CENTRE,3,175.0,58.3,6.4,,,,,,,1.37,0.0,0.46,,2.29,,,,
lnr_12477,Antoine Deliance,Lyon,BACK_ROW,2,160.0,80.0,12.5,,,,,,,0.0,0.0,0.0,,0.0,,,,
lnr_11791,A. Maalo,Lyon,FRONT_ROW,2,45.0,22.5,8.89,,,,,,,0.0,0.0,0.0,,0.0,,,,
lnr_1060,Thomas Marceline,Lyon,FRONT_ROW,2,53.0,26.5,13.58,,,,,,,0.0,1.51,0.0,,7.55,,,,
lnr_267,B. Erdocio,Montpellier,FRONT_ROW,16,616.0,38.5,12.99,,,,,,,0.26,0.0,0.26,,0.65,,,,
lnr_1416,Arthur Vincent,Montpellier,CENTRE,16,990.0,61.9,5.74,,,,,,,0.24,0.24,0.0,,1.21,,,,
lnr_1427,A. Becognee,Montpellier,BACK_ROW,15,868.0,57.9,13.09,,,,,,,0.09,0.0,0.46,,1.38,,,,
lnr_1440,Enzo Forletta,Montpellier,FRONT_ROW,15,668.0,44.5,9.46,,,,,,,0.12,0.0,0.0,,0.0,,,,
lnr_574,W. Hounkpatin,Montpellier,FRONT_ROW,15,690.0,46.0,8.23,,,,,,,0.12,0.0,0.7,,2.9,,,,
lnr_2354,C. Tolofua,Montpellier,FRONT_ROW,15,541.0,36.1,5.91,,,,,,,0.15,0.0,0.44,,5.91,,,,
lnr_12461,Viliami Vunipola,Montpellier,BACK_ROW,15,937.0,62.5,10.16,,,,,,,0.85,0.17,0.34,,0.43,,,,
lnr_1432,Bastien Chalureau,Montpellier,LOCK,14,627.0,44.8,8.93,,,,,,,1.02,0.0,0.0,,0.0,,,,
lnr_1400,A. Masibaka,Montpellier,BACK_ROW,14,377.0,26.9,15.49,,,,,,,0.42,0.64,0.42,,3.18,,,,
lnr_1460,Léo Coly,Montpellier,SCRUM_HALF,13,310.0,23.8,2.58,,,,,,,1.03,0.26,0.0,,3.1,,,,
lnr_1376,Lenni Nouchi,Montpellier,BACK_ROW,13,912.0,70.2,10.44,,,,,,,0.53,0.88,0.0,,2.63,,,,
lnr_250,Auguste Cadot,Montpellier,FLY_HALF,11,798.0,72.5,4.41,,,,,,,0.6,0.6,0.4,,0.5,,,,
lnr_454,Luka Japaridze,Montpellier,FRONT_ROW,11,434.0,39.5,11.8,,,,,,,0.0,0.0,0.0,,0.0,,,,
lnr_949,Hugo Reus,Montpellier,FLY_HALF,11,110.0,10.0,0.0,,,,,,,0.0,0.0,0.0,,24.0,,,,
lnr_12799,Jordan Uelese,Montpellier,FRONT_ROW,11,536.0,48.7,10.15,,,,,,,0.3,0.15,0.3,,2.99,,,,
lnr_1438,Florian Verhaeghe,Montpellier,LOCK,11,742.0,67.5,8.63,,,,,,,1.4,0.32,0.43,,0.0,,,,
lnr_1434,Yacouba Camara,Montpellier,BACK_ROW,10,684.0,68.4,11.23,,,,,,,0.35,0.12,0.58,,0.0,,,,
lnr_350,Maël Moustin,Montpellier,CENTRE,10,723.0,72.3,4.87,,,,,,,1.11,1.22,0.0,,1.66,,,,
lnr_1441,Marco Tauleigne,Montpellier,BACK_ROW,10,345.0,34.5,8.58,,,,,,,0.46,0.46,0.23,,3.48,,,,
lnr_1446,Mohamed Haouas,Montpellier,FRONT_ROW,9,278.0,30.9,10.65,,,,,,,0.29,0.0,0.0,,0.0,,,,
lnr_2151,D. Taofifenua,Montpellier,FULLBACK,9,462.0,51.3,3.98,,,,,,,0.0,0.52,0.0,,1.73,,,,
lnr_13817,Justo Piccardo,Montpellier,CENTRE,8,434.0,54.2,9.22,,,,,,,0.18,0.37,0.18,,1.84,,,,
lnr_13460,R. Riccitelli,Montpellier,FRONT_ROW,8,294.0,36.8,10.88,,,,,,,0.0,0.0,0.27,,4.08,,,,
lnr_2769,Alexis Bernadet,Montpellier,SCRUM_HALF,7,320.0,45.7,5.25,,,,,,,0.75,0.25,0.0,,2.5,,,,
lnr_12541,Nika Abuladze,Montpellier,FRONT_ROW,5,158.0,31.6,10.63,,,,,,,0.51,0.0,0.0,,0.0,,,,
lnr_1445,Thomas Darmon,Montpellier,FLY_HALF,5,114.0,22.8,7.72,,,,,,,0.0,0.7,0.0,,0.0,,,,
lnr_12786,Stuart Hogg,Montpellier,FULLBACK,5,155.0,31.0,5.16,,,,,,,2.06,1.03,0.0,,5.16,,,,
lnr_299,Madosha Tambwe,Montpellier,WINGER,5,244.0,48.8,3.61,,,,,,,0.66,0.33,0.0,,1.64,,,,
lnr_88,Thomas Vincent,Montpellier,FLY_HALF,5,169.0,33.8,7.57,,,,,,,0.47,0.0,0.0,,6.63,,,,
lnr_1401,Lyam Akrab,Montpellier,FRONT_ROW,2,75.0,37.5,5.33,,,,,,,1.07,0.0,0.0,,0.0,,,,
lnr_1375,K. Martin,Montpellier,CENTRE,2,97.0,48.5,8.25,,,,,,,0.0,0.0,0.0,,0.0,,,,
lnr_864,Melvyn Rates,Montpellier,FULLBACK,2,88.0,44.0,5.45,,,,,,,0.0,0.91,0.0,,4.55,,,,
lnr_1378,M. Uhila,Montpellier,LOCK,2,67.0,33.5,11.94,,,,,,,1.19,0.0,1.19,,0.0,,,,
lnr_2391,K. Alainuuese,Toulon,LOCK,18,811.0,45.1,11.15,,,,,,,0.59,0.0,0.1,,1.97,,,,
lnr_2373,Teddy Baubigny,Toulon,FRONT_ROW,16,811.0,50.7,12.03,,,,,,,0.3,0.3,0.3,,0.99,,,,
lnr_2365,D. Priso Mouangue,Toulon,FRONT_ROW,15,686.0,45.7,10.73,,,,,,,0.35,0.0,0.47,,2.33,,,,
lnr_431,Esteban Abadie,Toulon,BACK_ROW,14,768.0,54.9,10.94,,,,,,,0.62,0.0,0.21,,1.04,,,,
lnr_2329,Pierre Damond,Toulon,FRONT_ROW,14,452.0,32.3,13.27,,,,,,,0.0,0.0,0.53,,0.0,,,,
lnr_12566,Kyle Sinckler,Toulon,FRONT_ROW,14,667.0,47.6,11.39,,,,,,,0.12,0.12,0.12,,0.0,,,,
lnr_1373,Z. Mercer,Toulon,BACK_ROW,13,734.0,56.5,9.26,,,,,,,0.76,0.0,0.22,,1.63,,,,
lnr_11798,D. Ribbans,Toulon,LOCK,13,892.0,68.6,9.51,,,,,,,0.45,0.09,0.45,,0.9,,,,
lnr_2352,Baptiste Serin,Toulon,SCRUM_HALF,13,675.0,51.9,7.82,,,,,,,0.83,0.47,0.47,,2.13,,,,
lnr_2353,J. Sinzelle,Toulon,WINGER,13,828.0,63.7,7.73,,,,,,,0.39,0.0,0.1,,0.0,,,,
lnr_2291,Marius Domon,Toulon,FLY_HALF,12,567.0,47.2,1.98,,,,,,,0.28,0.71,0.28,,8.75,,,,
lnr_432,Daniel Brennan,Toulon,FRONT_ROW,11,358.0,32.5,11.17,,,,,,,0.0,0.0,0.0,,0.0,,,,
lnr_2300,Gaël Drean,Toulon,WINGER,11,871.0,79.2,4.04,,,,,,,0.37,0.83,0.0,,3.67,,,,
lnr_2297,Léo Ametlla,Toulon,FRONT_ROW,10,290.0,29.0,11.59,,,,,,,0.0,0.0,1.1,,1.38,,,,
lnr_2290,Jules Coulon,Toulon,BACK_ROW,10,486.0,48.6,8.4,,,,,,,0.33,0.0,0.33,,0.0,,,,
lnr_2317,Oliver Cowie,Toulon,WINGER,10,534.0,53.4,7.64,,,,,,,0.6,0.3,0.3,,0.0,,,,
lnr_2362,B. Gigashvili,Toulon,FRONT_ROW,10,401.0,40.1,16.76,,,,,,,0.2,0.0,0.0,,1.0,,,,
lnr_2479,Melvyn Jaminet,Toulon,FLY_HALF,10,564.0,56.4,0.85,,,,,,,1.28,0.57,0.0,,10.64,,,,
lnr_2363,Swan Rebbadj,Toulon,LOCK,10,525.0,52.5,11.12,,,,,,,0.15,0.0,0.15,,0.0,,,,
lnr_429,S. Tuicuvu,Toulon,CENTRE,10,603.0,60.3,3.45,,,,,,,0.0,0.53,0.4,,1.33,,,,
lnr_10338,M. Nonu,Toulon,CENTRE,9,274.0,30.4,8.47,,,,,,,0.58,0.29,0.0,,4.38,,,,
lnr_2307,J. Quere Karaba,Toulon,BACK_ROW,9,473.0,52.6,10.99,,,,,,,0.17,0.34,0.0,,0.85,,,,
lnr_2361,Mathieu Smaili,Toulon,CENTRE,9,617.0,68.6,4.54,,,,,,,0.39,1.04,0.0,,2.59,,,,
lnr_11845,B. White,Toulon,SCRUM_HALF,9,333.0,37.0,6.49,,,,,,,0.24,0.0,0.24,,0.0,,,,
lnr_1377,Paolo Garbisi,Toulon,FLY_HALF,8,592.0,74.0,6.22,,,,,,,0.41,0.14,0.0,,0.54,,,,
lnr_11027,Mateo Garcia,Toulon,FLY_HALF,8,451.0,56.4,4.26,,,,,,,0.35,0.35,0.0,,4.43,,,,
lnr_2355,Charles Ollivon,Toulon,BACK_ROW,8,508.0,63.5,12.6,,,,,,,0.94,0.31,0.0,,0.79,,,,
lnr_2358,J. Gros,Toulon,FRONT_ROW,7,308.0,44.0,14.03,,,,,,,1.04,0.0,0.0,,0.0,,,,
lnr_11823,C. Mezou,Toulon,FRONT_ROW,7,274.0,39.1,7.59,,,,,,,0.29,0.0,0.0,,0.0,,,,
lnr_1621,Giorgi Javakhia,Toulon,BACK_ROW,6,221.0,36.8,11.95,,,,,,,0.0,0.0,0.0,,0.0,,,,
lnr_1886,Clovis Le Bail,Toulon,SCRUM_HALF,6,300.0,50.0,4.0,,,,,,,0.53,0.0,0.0,,0.0,,,,
lnr_14078,Tomas Albornoz,Toulon,FLY_HALF,5,321.0,64.2,6.23,,,,,,,0.5,1.25,0.0,,1.25,,,,
lnr_2381,Rayan Rebbadj,Toulon,CENTRE,4,273.0,68.2,4.69,,,,,,,1.17,1.17,0.0,,1.47,,,,
lnr_2360,Gabin Villiere,Toulon,WINGER,4,247.0,61.8,3.24,,,,,,,0.97,0.65,0.97,,3.24,,,,
lnr_3060,Nikoloz Narmania,Toulon,FRONT_ROW,3,93.0,31.0,10.32,,,,,,,0.0,0.0,0.0,,0.0,,,,
lnr_12442,J. Toevalu,Toulon,FRONT_ROW,3,94.0,31.3,4.26,,,,,,,0.0,0.0,0.0,,0.0,,,,
lnr_8861,Antoine Frisch,Toulon,FLY_HALF,2,107.0,53.5,5.23,,,,,,,3.74,1.5,0.0,,3.74,,,,
lnr_12441,Matéo Gracieux,Toulon,WINGER,2,141.0,70.5,1.7,,,,,,,0.57,0.57,0.0,,2.84,,,,
lnr_12577,G. Lucchesi,Toulon,FRONT_ROW,2,59.0,29.5,17.63,,,,,,,0.0,0.0,0.0,,0.0,,,,
lnr_11912,B. Mechentel,Toulon,FULLBACK,2,89.0,44.5,3.6,,,,,,,0.9,0.0,0.0,,0.0,,,,
lnr_11811,Owen Sorhaindo,Toulon,FRONT_ROW,2,69.0,34.5,6.96,,,,,,,0.0,0.0,0.0,,0.0,,,,
lnr_13641,P. Tuifua,Toulon,BACK_ROW,2,52.0,26.0,15.38,,,,,,,0.0,0.0,0.0,,0.0,,,,
lnr_13792,Noam Moreau,Toulon,BACK_ROW,1,54.0,54.0,13.33,,,,,,,0.0,0.0,0.0,,0.0,,,,
lnr_12692,M. Shioshvili,Toulon,BACK_ROW,1,61.0,61.0,6.56,,,,,,,0.0,0.0,0.0,,0.0,,,,
lnr_13790,Jovan Sreckovic,Toulon,BACK_ROW,1,65.0,65.0,6.15,,,,,,,0.0,0.0,0.0,,0.0,,,,
lnr_12243,J. K'poku,Toulon,LOCK,1,228.0,,16.49,,,,,,,0.0,0.35,0.7,,0.0,,,,
lnr_13744,Nathan Hughes,Racing 92,BACK_ROW,18,815.0,45.3,12.76,,,,,,,0.59,0.2,0.39,,3.44,,,,
lnr_1079,Demba Bamba,Racing 92,FRONT_ROW,17,723.0,42.5,11.73,,,,,,,0.89,0.0,0.22,,0.0,,,,
lnr_2190,G. Gogichashvili,Racing 92,FRONT_ROW,17,720.0,42.4,15.33,,,,,,,0.44,0.0,0.0,,0.56,,,,
lnr_888,Thomas Lainault,Racing 92,LOCK,15,868.0,57.9,15.85,,,,,,,0.28,0.0,0.28,,0.0,,,,
lnr_1102,Josua Tuisova,Racing 92,WINGER,14,808.0,57.7,7.82,,,,,,,0.99,0.59,0.69,,0.5,,,,
lnr_916,W. Hulleu,Racing 92,CENTRE,13,920.0,70.8,6.7,,,,,,,0.78,0.87,0.09,,3.91,,,,
lnr_2201,G. Kharaishvili,Racing 92,FRONT_ROW,13,565.0,43.5,10.9,,,,,,,0.0,0.0,0.14,,0.0,,,,
lnr_2175,Hassane Kolingar,Racing 92,FRONT_ROW,13,531.0,40.8,16.72,,,,,,,0.45,0.0,0.0,,0.0,,,,
lnr_13640,Joseph Manu,Racing 92,CENTRE,13,749.0,57.6,9.93,,,,,,,1.39,0.43,0.11,,0.53,,,,
lnr_1911,L. Tagitagivalu,Racing 92,LOCK,13,608.0,46.8,14.61,,,,,,,0.26,0.13,0.79,,0.66,,,,
lnr_2188,Janick Tarrit,Racing 92,FRONT_ROW,13,700.0,53.8,13.6,,,,,,,0.34,0.23,0.11,,1.14,,,,
lnr_12570,Diego Escobar,Racing 92,FRONT_ROW,12,529.0,44.1,14.67,,,,,,,0.45,0.15,0.45,,0.0,,,,
lnr_2168,Gael Fickou,Racing 92,CENTRE,12,761.0,63.4,9.46,,,,,,,0.63,0.74,0.0,,2.1,,,,
lnr_2150,Antoine Gibert,Racing 92,CENTRE,12,469.0,39.1,2.9,,,,,,,0.0,0.34,0.0,,9.72,,,,
lnr_2198,Max Spring,Racing 92,FULLBACK,12,736.0,61.3,4.13,,,,,,,0.33,1.2,0.22,,3.59,,,,
lnr_1093,R. Taofifenua,Racing 92,LOCK,12,581.0,48.4,7.3,,,,,,,0.55,0.0,0.69,,2.75,,,,
lnr_12647,Samuel James,Racing 92,CENTRE,11,841.0,76.5,2.66,,,,,,,0.67,0.48,0.0,,0.95,,,,
lnr_13447,Yanis Basse,Racing 92,FRONT_ROW,10,167.0,16.7,15.33,,,,,,,0.0,0.0,0.48,,2.4,,,,
lnr_11803,S. Manyarara,Racing 92,BACK_ROW,10,517.0,51.7,13.46,,,,,,,0.0,0.15,0.0,,0.77,,,,
lnr_1909,Jordan Joseph,Racing 92,LOCK,9,385.0,42.8,11.64,,,,,,,0.62,0.0,1.25,,3.12,,,,
lnr_13832,G. Prisciantelli,Racing 92,FLY_HALF,9,409.0,45.4,2.93,,,,,,,0.59,0.98,0.0,,1.17,,,,
lnr_13613,S. Ravutaumada,Racing 92,WINGER,8,499.0,62.4,5.61,,,,,,,0.8,0.16,0.16,,0.8,,,,
lnr_2157,Fabien Sanconnie,Racing 92,BACK_ROW,7,279.0,39.9,16.92,,,,,,,0.0,0.0,0.29,,1.43,,,,
lnr_2120,Noa Zinzen,Racing 92,BACK_ROW,7,154.0,22.0,19.74,,,,,,,0.0,0.0,0.0,,0.0,,,,
lnr_12646,E. Jabea Njocke,Racing 92,FRONT_ROW,6,158.0,26.3,17.72,,,,,,,0.0,0.51,0.0,,0.0,,,,
lnr_12366,Kleo Labarbe,Racing 92,SCRUM_HALF,6,236.0,39.3,7.8,,,,,,,0.34,0.0,0.0,,0.0,,,,
lnr_11839,Will Rowlands,Racing 92,LOCK,6,329.0,54.8,13.13,,,,,,,0.24,0.0,0.24,,0.0,,,,
lnr_13764,Daniel Tupou,Racing 92,FRONT_ROW,5,133.0,26.6,6.62,,,,,,,0.0,0.0,0.6,,12.03,,,,
lnr_12612,S. Camara,Racing 92,BACK_ROW,4,134.0,33.5,11.94,,,,,,,0.6,0.0,0.6,,0.0,,,,
lnr_11673,Vladi Ashvetia,Racing 92,CENTRE,2,115.0,57.5,6.26,,,,,,,1.39,2.09,0.0,,3.48,,,,
lnr_13419,Nolann Donguy,Racing 92,WINGER,2,138.0,69.0,5.22,,,,,,,0.0,0.58,0.0,,0.0,,,,
lnr_1245,Wame Naituvi,Racing 92,WINGER,2,100.0,50.0,2.4,,,,,,,1.6,1.6,0.0,,0.0,,,,
lnr_2148,Ibrahim Diallo,Racing 92,BACK_ROW,1,54.0,54.0,19.26,,,,,,,0.0,1.48,0.0,,0.0,,,,
lnr_12565,L. Leota,Racing 92,FRONT_ROW,1,43.0,43.0,9.3,,,,,,,0.0,0.0,0.0,,0.0,,,,
lnr_1678,Loïc Credoz,Pau,BACK_ROW,16,779.0,48.7,11.4,,,,,,,0.0,0.1,0.31,,0.0,,,,
lnr_1917,Youri Delhommel,Pau,FRONT_ROW,16,605.0,37.8,8.86,,,,,,,0.13,0.0,0.66,,3.31,,,,
lnr_1940,Reece Hewat,Pau,BACK_ROW,16,824.0,51.5,11.94,,,,,,,0.49,0.39,0.19,,1.94,,,,
lnr_2335,Facundo Isa,Pau,BACK_ROW,16,857.0,53.6,10.46,,,,,,,0.75,0.0,0.75,,1.87,,,,
lnr_2232,Jimi Maximin,Pau,LOCK,16,705.0,44.1,12.71,,,,,,,0.0,0.11,0.57,,2.27,,,,
lnr_1707,Thomas Laclayat,Pau,FRONT_ROW,15,769.0,51.3,8.43,,,,,,,0.1,0.0,0.31,,1.04,,,,
lnr_1895,T. Daubagna,Pau,SCRUM_HALF,14,722.0,51.6,5.1,,,,,,,0.89,0.55,0.22,,0.55,,,,
lnr_1914,Sacha Zegueur,Pau,BACK_ROW,14,709.0,50.6,16.36,,,,,,,0.23,0.11,0.0,,0.0,,,,
lnr_1845,Hugo Auradou,Pau,LOCK,13,895.0,68.8,9.39,,,,,,,0.36,0.36,0.36,,0.0,,,,
lnr_1893,Beka Gorgadze,Pau,BACK_ROW,12,890.0,74.2,12.58,,,,,,,0.63,0.09,0.81,,0.9,,,,
lnr_1853,Jack Maddocks,Pau,FULLBACK,12,843.0,70.2,2.85,,,,,,,0.47,0.38,0.0,,1.42,,,,
lnr_1877,Thomas Souverbie,Pau,SCRUM_HALF,12,278.0,23.2,8.92,,,,,,,0.29,0.29,0.0,,0.0,,,,
lnr_1901,Mickael Capelli,Pau,LOCK,11,457.0,41.5,12.95,,,,,,,0.53,0.35,0.35,,0.0,,,,
lnr_1927,Emilien Gailleton,Pau,CENTRE,11,744.0,67.6,6.67,,,,,,,0.0,0.75,0.22,,2.15,,,,
lnr_1896,Lucas Rey,Pau,FRONT_ROW,11,426.0,38.7,12.77,,,,,,,0.38,0.19,0.38,,2.82,,,,
lnr_1929,Luke Whitelock,Pau,BACK_ROW,11,549.0,49.9,9.62,,,,,,,0.0,0.0,0.29,,0.0,,,,
lnr_1843,Clement Mondinat,Pau,FLY_HALF,10,329.0,32.9,1.46,,,,,,,0.49,0.49,0.0,,2.43,,,,
lnr_1889,Rémi Seneca,Pau,FRONT_ROW,10,321.0,32.1,17.2,,,,,,,0.5,0.0,0.25,,1.25,,,,
lnr_1850,S. Tokolahi,Pau,FRONT_ROW,10,306.0,30.6,10.98,,,,,,,0.0,0.0,0.0,,0.0,,,,
lnr_1902,Nathan Decron,Pau,CENTRE,9,634.0,70.4,8.33,,,,,,,0.38,0.25,0.5,,1.26,,,,
lnr_317,L. Kaulashvili,Pau,FRONT_ROW,9,416.0,46.2,9.42,,,,,,,0.0,0.0,0.0,,0.96,,,,
lnr_2336,Aymeric Luc,Pau,SCRUM_HALF,9,444.0,49.3,3.24,,,,,,,0.36,0.54,0.18,,0.9,,,,
lnr_1870,Daniel Robson,Pau,SCRUM_HALF,9,441.0,49.0,4.35,,,,,,,0.18,0.36,0.0,,1.81,,,,
lnr_708,D. Bibi Biziwu,Pau,FRONT_ROW,8,298.0,37.2,10.47,,,,,,,0.0,0.0,0.0,,0.0,,,,
lnr_13598,J. Montoya,Pau,FRONT_ROW,7,732.0,104.6,9.62,,,,,,,0.22,0.22,0.0,,2.19,,,,
lnr_1887,Guram Papidze,Pau,FRONT_ROW,7,273.0,39.0,14.36,,,,,,,0.29,0.0,0.0,,0.0,,,,
lnr_1849,Hugo Parrou,Pau,FRONT_ROW,7,218.0,31.1,11.38,,,,,,,0.73,0.0,0.0,,0.0,,,,
lnr_320,Thomas Jolmes,Pau,LOCK,6,347.0,57.8,12.22,,,,,,,0.46,0.0,0.23,,0.0,,,,
lnr_994,Rémi Picquette,Pau,LOCK,6,208.0,34.7,8.08,,,,,,,0.0,0.0,0.0,,0.0,,,,
lnr_4000,Joe Simmonds,Pau,FLY_HALF,6,370.0,61.7,2.81,,,,,,,0.86,0.43,0.0,,16.22,,,,
lnr_1944,T. Attissogbe,Pau,FULLBACK,4,270.0,67.5,5.93,,,,,,,1.48,0.0,0.3,,1.48,,,,
lnr_1876,A. Etchebehere,Pau,FRONT_ROW,4,163.0,40.8,14.72,,,,,,,0.0,0.0,0.0,,0.0,,,,
lnr_1858,Tumua Manu,Pau,CENTRE,4,234.0,58.5,5.47,,,,,,,0.68,0.68,0.34,,1.71,,,,
lnr_133,J. Zabala Arrieta,Pau,FRONT_ROW,4,109.0,27.2,15.41,,,,,,,0.0,0.0,0.73,,0.0,,,,
lnr_1075,Joel Kpoku,Pau,LOCK,3,90.0,30.0,13.33,,,,,,,0.0,0.0,0.0,,0.0,,,,
lnr_11695,T. Butlin,Pau,WINGER,1,62.0,62.0,6.45,,,,,,,0.0,0.0,0.0,,0.0,,,,
lnr_1814,P. Azagoh Kouadio,Paris,LOCK,17,729.0,42.9,15.91,,,,,,,0.22,0.11,0.11,,0.0,,,,
lnr_1811,Giorgi Melikidze,Paris,FRONT_ROW,17,746.0,43.9,9.01,,,,,,,0.11,0.0,0.64,,3.22,,,,
lnr_1802,Paul Alo Emile,Paris,FRONT_ROW,16,667.0,41.7,13.91,,,,,,,0.24,0.0,0.12,,0.0,,,,
lnr_1831,M. Alo Emile,Paris,FRONT_ROW,16,607.0,37.9,10.54,,,,,,,0.13,0.0,0.66,,0.0,,,,
lnr_909,T. Halaifonua,Paris,BACK_ROW,16,879.0,54.9,10.47,,,,,,,0.36,0.18,0.46,,2.28,,,,
lnr_1780,Mathieu Hirigoyen,Paris,BACK_ROW,16,745.0,46.6,15.03,,,,,,,0.11,0.11,0.0,,1.07,,,,
lnr_981,T. Kerr Barlow,Paris,SCRUM_HALF,15,719.0,47.9,5.23,,,,,,,0.33,0.0,0.11,,1.11,,,,
lnr_11736,Joseph Marchant,Paris,CENTRE,15,913.0,60.9,7.1,,,,,,,0.18,0.26,0.0,,0.44,,,,
lnr_1806,B. Pesenti,Paris,BACK_ROW,15,822.0,54.8,11.97,,,,,,,0.39,0.0,0.0,,0.97,,,,
lnr_1779,L. Peyresblanques,Paris,FRONT_ROW,15,454.0,30.3,11.81,,,,,,,0.35,0.18,0.18,,1.76,,,,
lnr_975,Y. Tanga Mangene,Paris,BACK_ROW,15,742.0,49.5,11.11,,,,,,,1.62,0.43,0.43,,1.62,,,,
lnr_1756,J. Ward,Paris,CENTRE,15,993.0,66.2,9.26,,,,,,,0.56,0.73,0.24,,2.42,,,,
lnr_1790,Romain Briatte,Paris,LOCK,14,889.0,63.5,14.31,,,,,,,0.45,0.0,0.0,,0.0,,,,
lnr_660,Samuel Ezeala,Paris,CENTRE,14,849.0,60.6,4.71,,,,,,,0.09,0.66,0.19,,0.0,,,,
lnr_1757,Peniasi Dakuwaqa,Paris,FULLBACK,13,946.0,72.8,4.4,,,,,,,1.35,0.93,0.34,,2.54,,,,
lnr_12539,Giacomo Nicotera,Paris,FRONT_ROW,13,677.0,52.1,13.23,,,,,,,0.12,0.0,0.35,,0.59,,,,
lnr_415,Paul Abadie,Paris,SCRUM_HALF,11,468.0,42.5,9.4,,,,,,,1.03,0.34,0.0,,0.0,,,,
lnr_1794,Sekou Macalou,Paris,BACK_ROW,11,481.0,43.7,11.14,,,,,,,0.17,0.17,0.67,,0.0,,,,
lnr_1769,T. Motassi Dibongue,Paris,SCRUM_HALF,10,253.0,25.3,10.75,,,,,,,1.58,0.63,0.0,,3.16,,,,
lnr_1771,N. Nene,Paris,CENTRE,10,724.0,72.4,6.74,,,,,,,0.44,0.77,0.11,,3.31,,,,
lnr_984,Thierry Paiva,Paris,FRONT_ROW,10,389.0,38.9,10.08,,,,,,,0.0,0.21,0.41,,0.0,,,,
lnr_336,Tani Vili,Paris,CENTRE,9,632.0,70.2,5.7,,,,,,,0.51,0.76,0.13,,1.27,,,,
lnr_11764,A. Garcia Albo,Paris,FRONT_ROW,7,266.0,38.0,10.53,,,,,,,0.0,0.0,0.0,,1.5,,,,
lnr_1736,S. Abramishvili,Paris,FRONT_ROW,6,277.0,46.2,13.0,,,,,,,0.0,0.0,0.0,,1.44,,,,
lnr_1752,J. Scelzo,Paris,BACK_ROW,6,301.0,50.2,11.16,,,,,,,0.53,0.0,0.0,,1.33,,,,
lnr_1804,Ryan Chapuis,Paris,BACK_ROW,5,247.0,49.4,13.6,,,,,,,0.0,0.0,0.32,,0.0,,,,
lnr_263,Joe Jonas,Paris,FULLBACK,5,178.0,35.6,5.39,,,,,,,0.45,1.35,0.0,,2.25,,,,
lnr_1773,Charles Laloi,Paris,WINGER,5,257.0,51.4,5.29,,,,,,,0.31,0.62,0.31,,0.0,,,,
lnr_1788,Lester Etien,Paris,CENTRE,4,254.0,63.5,4.41,,,,,,,0.94,0.63,0.0,,0.0,,,,
lnr_13940,John Iscaro,Paris,FRONT_ROW,4,166.0,41.5,15.9,,,,,,,0.0,0.0,0.0,,2.41,,,,
lnr_13812,I. Petelo Mapu,Paris,BACK_ROW,4,154.0,38.5,9.35,,,,,,,0.0,0.52,0.52,,2.6,,,,
lnr_1148,Andy Timo,Paris,BACK_ROW,4,130.0,32.5,1.23,,,,,,,0.0,0.62,0.0,,0.0,,,,
lnr_1457,L. Foursans Bourdette,Paris,FLY_HALF,2,80.0,40.0,9.0,,,,,,,0.0,1.0,0.0,,9.0,,,,
lnr_1939,Zack Henry,Paris,FLY_HALF,2,108.0,54.0,4.44,,,,,,,0.74,0.0,0.0,,5.93,,,,
lnr_1741,Léo Monin,Paris,FULLBACK,1,42.0,42.0,1.9,,,,,,,0.0,0.0,0.0,,0.0,,,,
lnr_12374,Ethan Tia,Paris,FRONT_ROW,1,41.0,41.0,19.51,,,,,,,1.95,0.0,0.0,,0.0,,,,
lnr_935,A. Kuntelia,La Rochelle,FRONT_ROW,18,745.0,41.4,8.91,,,,,,,0.21,0.0,0.0,,0.54,,,,
lnr_985,L. Veivuke,La Rochelle,CENTRE,18,954.0,53.0,9.9,,,,,,,0.67,0.42,1.09,,2.52,,,,
lnr_1004,Thomas Berjon,La Rochelle,SCRUM_HALF,14,614.0,43.9,3.91,,,,,,,0.39,0.26,0.13,,0.65,,,,
lnr_1018,Jules Favre,La Rochelle,WINGER,14,976.0,69.7,5.98,,,,,,,0.25,0.82,0.25,,2.05,,,,
lnr_997,Antoine Hastoy,La Rochelle,FLY_HALF,14,887.0,63.4,4.06,,,,,,,0.54,0.45,0.0,,8.75,,,,
lnr_954,Jack Nowell,La Rochelle,WINGER,13,865.0,66.5,3.79,,,,,,,0.92,1.57,0.0,,2.77,,,,
lnr_939,Oscar Jegou,La Rochelle,BACK_ROW,12,805.0,67.1,8.84,,,,,,,0.8,0.1,0.2,,0.99,,,,
lnr_969,C. Kante Samba,La Rochelle,LOCK,12,565.0,47.1,7.93,,,,,,,0.28,0.0,0.0,,0.0,,,,
lnr_1824,L. Latu,La Rochelle,FRONT_ROW,12,537.0,44.8,6.7,,,,,,,0.89,0.15,0.74,,1.49,,,,
lnr_1014,Dillyn Leyds,La Rochelle,FULLBACK,12,917.0,76.4,1.92,,,,,,,0.44,0.7,0.09,,2.18,,,,
lnr_988,Ulupano Seuteni,La Rochelle,CENTRE,12,705.0,58.8,4.31,,,,,,,1.25,0.45,0.11,,1.13,,,,
lnr_1028,A. Kaddouri,La Rochelle,FRONT_ROW,11,563.0,51.2,8.24,,,,,,,0.43,0.0,0.85,,0.0,,,,
lnr_982,Thomas Lavault,La Rochelle,LOCK,11,580.0,52.7,7.45,,,,,,,0.28,0.0,0.0,,0.69,,,,
lnr_2196,Nolann Le Garrec,La Rochelle,SCRUM_HALF,11,766.0,69.6,4.6,,,,,,,0.94,0.73,0.0,,7.31,,,,
lnr_1000,Reda Wardi,La Rochelle,FRONT_ROW,11,514.0,46.7,9.65,,,,,,,0.62,0.0,0.0,,0.78,,,,
lnr_12674,L. Andjisseramatchi,La Rochelle,BACK_ROW,10,223.0,22.3,12.91,,,,,,,0.36,0.0,0.36,,0.0,,,,
lnr_1017,Paul Boudehent,La Rochelle,BACK_ROW,10,666.0,66.6,9.49,,,,,,,0.36,0.24,0.24,,2.4,,,,
lnr_1025,M. Haddad,La Rochelle,BACK_ROW,10,490.0,49.0,10.78,,,,,,,0.33,0.16,0.49,,0.0,,,,
lnr_965,N. Sutidze,La Rochelle,FRONT_ROW,10,360.0,36.0,8.22,,,,,,,0.67,0.0,0.22,,1.11,,,,
lnr_2387,Ihaia West,La Rochelle,FLY_HALF,10,423.0,42.3,2.08,,,,,,,0.19,0.95,0.0,,8.7,,,,
lnr_360,Kane Douglas,La Rochelle,LOCK,9,423.0,47.0,8.89,,,,,,,0.19,0.0,0.38,,0.0,,,,
lnr_3221,Semi Lagivala,La Rochelle,CENTRE,9,465.0,51.7,5.16,,,,,,,1.03,0.52,0.17,,0.86,,,,
lnr_986,Quentin Lespiaucq,La Rochelle,FRONT_ROW,9,352.0,39.1,10.91,,,,,,,0.45,0.23,0.23,,2.27,,,,
lnr_1030,Karl Sorin,La Rochelle,FRONT_ROW,9,349.0,38.8,6.65,,,,,,,0.69,0.0,0.0,,0.0,,,,
lnr_1027,L. Penverne,La Rochelle,FRONT_ROW,8,256.0,32.0,8.44,,,,,,,0.94,0.31,0.62,,1.56,,,,
lnr_964,Hoani Bosmorin,La Rochelle,WINGER,7,234.0,33.4,2.39,,,,,,,1.37,0.68,0.0,,1.71,,,,
lnr_675,J. Cancoriet,La Rochelle,BACK_ROW,7,469.0,67.0,7.51,,,,,,,0.68,0.0,0.17,,1.71,,,,
lnr_966,Simeli Daunivucu,La Rochelle,WINGER,7,293.0,41.9,10.38,,,,,,,0.82,0.27,0.0,,0.55,,,,
lnr_13500,Kirill Fraindt,La Rochelle,BACK_ROW,7,298.0,42.6,5.37,,,,,,,0.0,0.81,0.27,,1.34,,,,
lnr_11875,Ugo Pacome,La Rochelle,FULLBACK,7,374.0,53.4,1.71,,,,,,,0.64,0.0,0.0,,0.0,,,,
lnr_999,Pierre Bourgarit,La Rochelle,FRONT_ROW,6,209.0,34.8,13.01,,,,,,,0.0,0.0,0.77,,1.91,,,,
lnr_950,Ultan Dillane,La Rochelle,LOCK,6,296.0,49.3,8.38,,,,,,,0.27,0.0,0.27,,1.35,,,,
lnr_12408,Diego Jurd,La Rochelle,FLY_HALF,6,217.0,36.2,3.69,,,,,,,1.84,0.37,0.0,,6.27,,,,
lnr_13550,Nolhann Couillaud,La Rochelle,SCRUM_HALF,5,213.0,42.6,6.01,,,,,,,0.0,0.0,0.0,,0.0,,,,
lnr_970,J. Sclavi,La Rochelle,FRONT_ROW,5,137.0,27.4,5.26,,,,,,,0.0,0.0,0.0,,0.0,,,,
lnr_12590,C. Luaki,La Rochelle,FRONT_ROW,4,51.0,12.8,17.25,,,,,,,0.0,0.0,1.57,,0.0,,,,
lnr_1015,William Skelton,La Rochelle,LOCK,4,196.0,49.0,4.08,,,,,,,0.82,0.0,0.0,,2.04,,,,
lnr_13364,Suliasi Vunivalu,La Rochelle,WINGER,4,217.0,54.2,5.9,,,,,,,0.37,1.11,0.0,,3.69,,,,
lnr_983,Uini Atonio,La Rochelle,FRONT_ROW,3,143.0,47.7,3.92,,,,,,,0.0,0.0,0.0,,0.0,,,,
lnr_938,N. Bollengier,La Rochelle,WINGER,3,184.0,61.3,2.61,,,,,,,0.0,0.0,0.43,,4.35,,,,
lnr_991,Jonathan Danty,La Rochelle,CENTRE,2,141.0,70.5,6.24,,,,,,,2.27,0.0,0.0,,0.0,,,,
lnr_12387,Upaleto Feao,La Rochelle,FRONT_ROW,2,98.0,49.0,8.16,,,,,,,0.0,0.0,0.0,,0.0,,,,
lnr_2463,Paul Graou,Toulouse,SCRUM_HALF,18,988.0,54.9,5.75,,,,,,,1.54,0.65,0.16,,2.19,,,,
lnr_2462,A. Roumat,Toulouse,BACK_ROW,16,916.0,57.2,7.51,,,,,,,0.7,0.09,0.17,,1.75,,,,
lnr_11251,Léo Banos,Toulouse,BACK_ROW,15,784.0,52.3,9.18,,,,,,,0.71,0.31,0.1,,0.51,,,,
lnr_2490,Clement Verge,Toulouse,LOCK,15,772.0,51.5,10.78,,,,,,,0.83,0.21,0.1,,1.04,,,,
lnr_2425,Jack Willis,Toulouse,BACK_ROW,14,835.0,59.6,10.35,,,,,,,1.63,0.48,0.67,,1.92,,,,
lnr_12363,Efrain Elias,Toulouse,LOCK,13,619.0,47.6,9.43,,,,,,,0.78,0.13,0.39,,1.94,,,,
lnr_2429,Thomas Lacombre,Toulouse,FRONT_ROW,13,518.0,39.8,10.81,,,,,,,0.77,0.31,0.62,,0.0,,,,
lnr_987,Teddy Thomas,Toulouse,WINGER,13,770.0,59.2,3.32,,,,,,,1.14,1.04,0.0,,4.68,,,,
lnr_2432,Kalvin Gourgues,Toulouse,CENTRE,12,779.0,64.9,5.24,,,,,,,1.23,1.03,0.0,,3.8,,,,
lnr_12335,Blair Kinghorn,Toulouse,FULLBACK,12,790.0,65.8,1.42,,,,,,,1.42,0.41,0.0,,4.25,,,,
lnr_2437,Matthis Lebel,Toulouse,CENTRE,12,823.0,68.6,2.53,,,,,,,0.68,1.17,0.0,,3.89,,,,
lnr_2448,Dorian Aldegheri,Toulouse,FRONT_ROW,11,463.0,42.1,8.29,,,,,,,0.17,0.17,0.0,,0.86,,,,
lnr_2492,Joshua Brennan,Toulouse,LOCK,11,601.0,54.6,10.25,,,,,,,0.4,0.13,0.13,,1.33,,,,
lnr_2484,G. Cramont,Toulouse,FRONT_ROW,11,443.0,40.3,9.93,,,,,,,1.26,0.18,0.54,,4.51,,,,
lnr_2486,T. Ntamack Muyenga,Toulouse,BACK_ROW,11,467.0,42.5,10.45,,,,,,,1.2,1.37,0.34,,2.57,,,,
lnr_12751,Naoto Saito,Toulouse,SCRUM_HALF,11,277.0,25.2,4.04,,,,,,,0.0,0.0,0.0,,1.44,,,,
lnr_2451,Cyril Baille,Toulouse,FRONT_ROW,10,343.0,34.3,5.83,,,,,,,0.47,0.0,0.0,,0.0,,,,
lnr_2427,Paul Costes,Toulouse,CENTRE,10,662.0,66.2,5.08,,,,,,,1.57,0.12,0.0,,1.21,,,,
lnr_2501,Dimitri Delibes,Toulouse,CENTRE,10,657.0,65.7,4.14,,,,,,,0.85,0.85,0.37,,3.65,,,,
lnr_2399,J. Merkler Perez,Toulouse,FRONT_ROW,10,382.0,38.2,11.73,,,,,,,0.21,0.0,0.21,,1.05,,,,
lnr_2443,R. Neti,Toulouse,FRONT_ROW,10,497.0,49.7,7.4,,,,,,,0.16,0.0,0.0,,0.0,,,,
lnr_2436,Romain Ntamack,Toulouse,FLY_HALF,10,649.0,64.9,6.53,,,,,,,0.74,0.49,0.0,,4.19,,,,
lnr_2450,Thomas Ramos,Toulouse,FULLBACK,10,663.0,66.3,2.17,,,,,,,1.45,0.6,0.0,,13.27,,,,
lnr_2500,David Ainuu,Toulouse,FRONT_ROW,9,374.0,41.6,5.99,,,,,,,0.0,0.0,0.43,,0.0,,,,
lnr_2460,P. Barassi,Toulouse,CENTRE,9,597.0,66.3,5.76,,,,,,,1.21,0.67,0.13,,2.01,,,,
lnr_2401,M. Castro Ferreira,Toulouse,BACK_ROW,9,382.0,42.4,9.63,,,,,,,0.42,0.0,0.21,,1.05,,,,
lnr_2405,Thibaud Flament,Toulouse,LOCK,9,578.0,64.2,7.47,,,,,,,0.55,0.14,0.14,,1.38,,,,
lnr_2454,Anthony Jelonch,Toulouse,BACK_ROW,9,586.0,65.1,9.69,,,,,,,0.82,0.55,0.0,,2.05,,,,
lnr_12438,B. Bertrand,Toulouse,FRONT_ROW,8,306.0,38.2,8.37,,,,,,,0.0,0.52,0.78,,1.31,,,,
lnr_1009,G. Colombe Reazel,Toulouse,FRONT_ROW,8,284.0,35.5,7.04,,,,,,,0.56,0.28,0.56,,1.41,,,,
lnr_2397,S. Chocobares,Toulouse,CENTRE,7,509.0,72.7,6.44,,,,,,,1.26,0.16,0.0,,0.0,,,,
lnr_2445,Julien Marchand,Toulouse,FRONT_ROW,7,372.0,53.1,11.4,,,,,,,1.94,0.0,0.43,,4.3,,,,
lnr_2498,E. Meafou,Toulouse,LOCK,7,407.0,58.1,9.04,,,,,,,1.18,0.0,0.59,,1.97,,,,
lnr_2483,Ange Capuozzo,Toulouse,SCRUM_HALF,6,341.0,56.8,3.52,,,,,,,0.23,1.64,0.0,,7.04,,,,
lnr_2485,Paul Mallez,Toulouse,FRONT_ROW,5,195.0,39.0,8.21,,,,,,,0.0,0.0,1.23,,0.0,,,,
lnr_2430,C. Pouzelgues,Toulouse,CENTRE,5,228.0,45.6,5.26,,,,,,,0.7,0.7,0.35,,3.51,,,,
lnr_2414,V. Delpy,Toulouse,FLY_HALF,4,286.0,71.5,5.31,,,,,,,0.56,0.28,0.0,,12.59,,,,
lnr_2449,Antoine Dupont,Toulouse,SCRUM_HALF,4,186.0,46.5,4.73,,,,,,,3.01,1.72,0.0,,4.3,,,,
lnr_2461,Peato Mauvaka,Toulouse,FRONT_ROW,3,82.0,27.3,14.63,,,,,,,2.93,1.95,0.0,,0.0,,,,
lnr_2453,Francois Cros,Toulouse,BACK_ROW,2,145.0,72.5,19.31,,,,,,,0.0,0.55,0.55,,0.0,,,,
lnr_2407,M. Hawkes Faimanifo,Toulouse,FRONT_ROW,2,51.0,25.5,7.84,,,,,,,0.0,0.0,0.0,,0.0,,,,
lnr_2503,J. Mallia,Toulouse,WINGER,2,155.0,77.5,2.58,,,,,,,1.55,2.06,0.0,,7.74,,,,
lnr_12340,Matias Remue,Toulouse,FULLBACK,2,160.0,80.0,0.5,,,,,,,0.5,1.0,0.0,,2.5,,,,
lnr_13461,Lucien Richardis,Toulouse,FLY_HALF,2,109.0,54.5,2.2,,,,,,,0.0,0.73,0.0,,7.34,,,,
lnr_2417,Lucas Vigneres,Toulouse,CENTRE,2,73.0,36.5,14.25,,,,,,,0.0,0.0,0.0,,5.48,,,,
lnr_2415,Thomas Alary,Toulouse,FULLBACK,1,80.0,80.0,4.0,,,,,,,2.0,0.0,0.0,,0.0,,,,
lnr_354,Hugo Zabalza,Montauban,SCRUM_HALF,16,654.0,40.9,4.65,,,,,,,1.22,0.24,0.12,,0.61,,,,
lnr_1749,N. Kanika-bilonda,Montauban,LOCK,15,701.0,46.7,7.19,,,,,,,0.0,0.0,0.0,,0.57,,,,
lnr_239,N. Maafu,Montauban,LOCK,15,747.0,49.8,9.85,,,,,,,0.54,0.0,0.11,,0.0,,,,
lnr_12373,J. Powell,Montauban,SCRUM_HALF,15,668.0,44.5,8.5,,,,,,,0.24,0.12,0.12,,0.0,,,,
lnr_2713,Thomas Bue,Montauban,FRONT_ROW,14,724.0,51.7,9.61,,,,,,,0.33,0.0,0.0,,0.55,,,,
lnr_2212,J. Jackson,Montauban,CENTRE,14,893.0,63.8,5.29,,,,,,,0.45,0.63,0.0,,1.34,,,,
lnr_1284,Kyllian Ringuet,Montauban,BACK_ROW,14,916.0,65.4,14.93,,,,,,,0.87,0.26,0.17,,1.75,,,,
lnr_1318,Tjiuee Uanivi,Montauban,LOCK,14,801.0,57.2,6.49,,,,,,,0.1,0.0,0.2,,0.0,,,,
lnr_10998,Facundo Pomponio,Montauban,FRONT_ROW,13,488.0,37.5,8.2,,,,,,,0.0,0.0,0.0,,0.0,,,,
lnr_10149,Karl Wilkins,Montauban,LOCK,13,633.0,48.7,10.74,,,,,,,0.0,0.0,0.63,,0.63,,,,
lnr_1334,J. Bosviel,Montauban,FLY_HALF,12,721.0,60.1,3.66,,,,,,,1.0,0.22,0.0,,9.65,,,,
lnr_1322,Kevin Firmin,Montauban,FRONT_ROW,12,482.0,40.2,10.62,,,,,,,0.0,0.17,0.0,,0.83,,,,
lnr_2266,Ru-hann Greyling,Montauban,FRONT_ROW,12,568.0,47.3,8.73,,,,,,,0.14,0.0,0.0,,0.0,,,,
lnr_1433,Jeremie Maurouard,Montauban,FRONT_ROW,12,385.0,32.1,12.68,,,,,,,1.66,0.21,0.83,,3.12,,,,
lnr_12704,S. Notshe,Montauban,BACK_ROW,12,617.0,51.4,8.3,,,,,,,0.13,0.13,0.39,,0.65,,,,
lnr_1244,Simon Renda,Montauban,CENTRE,11,681.0,61.9,6.11,,,,,,,0.47,0.23,0.12,,0.0,,,,
lnr_1341,Lucas Seyrolle,Montauban,FRONT_ROW,11,341.0,31.0,7.27,,,,,,,0.0,0.0,0.47,,1.17,,,,
lnr_10999,V. Simutoga,Montauban,FRONT_ROW,11,459.0,41.7,9.76,,,,,,,0.35,0.0,0.35,,0.0,,,,
lnr_1385,Paul Vallee,Montauban,CENTRE,11,710.0,64.5,2.14,,,,,,,0.68,0.56,0.0,,1.69,,,,
lnr_169,C. Bitz,Montauban,BACK_ROW,10,448.0,44.8,8.93,,,,,,,0.18,0.36,0.0,,0.0,,,,
lnr_891,Thomas Fortunel,Montauban,FLY_HALF,10,480.0,48.0,4.83,,,,,,,0.33,0.0,0.0,,5.83,,,,
lnr_1330,Maxime Mathy,Montauban,CENTRE,10,409.0,40.9,8.22,,,,,,,0.2,0.59,0.2,,0.98,,,,
lnr_1329,Fred Quercy,Montauban,BACK_ROW,9,529.0,58.8,8.32,,,,,,,0.3,0.0,0.6,,0.0,,,,
lnr_1312,Tyrone Viiga,Montauban,BACK_ROW,9,495.0,55.0,10.51,,,,,,,0.16,0.16,0.0,,0.0,,,,
lnr_1001,Leo Aouf,Montauban,FRONT_ROW,8,273.0,34.1,8.79,,,,,,,0.0,0.0,0.0,,0.0,,,,
lnr_3505,Lucio Sordoni,Montauban,FRONT_ROW,8,330.0,41.2,6.79,,,,,,,0.24,0.0,0.24,,0.0,,,,
lnr_1342,J. Tuculet,Montauban,CENTRE,8,556.0,69.5,2.59,,,,,,,1.15,0.43,0.0,,0.72,,,,
lnr_1747,S. Ahmed,Montauban,WINGER,6,439.0,73.2,3.83,,,,,,,1.28,1.46,0.18,,1.82,,,,
lnr_11742,Mael Castel,Montauban,SCRUM_HALF,5,139.0,27.8,2.88,,,,,,,0.0,0.58,0.0,,2.88,,,,
lnr_4957,Lewis Bean,Montauban,LOCK,4,96.0,24.0,10.0,,,,,,,0.0,0.0,0.0,,0.0,,,,
lnr_14049,S. Mafile'o,Montauban,FRONT_ROW,4,154.0,38.5,11.43,,,,,,,0.0,0.0,0.0,,0.0,,,,
lnr_626,Thomas Larregain,Montauban,FULLBACK,3,197.0,65.7,3.25,,,,,,,0.41,0.0,0.41,,0.0,,,,
lnr_479,N. Somkhisvhili,Montauban,FRONT_ROW,3,102.0,34.0,14.12,,,,,,,0.0,0.0,0.78,,0.0,,,,
lnr_286,C. Coularis,Montauban,BACK_ROW,2,89.0,44.5,12.58,,,,,,,0.9,0.0,0.0,,0.0,,,,
lnr_1873,Romain Fonnicola,Montauban,WINGER,2,91.0,45.5,6.15,,,,,,,1.76,0.0,0.0,,4.4,,,,
lnr_1991,Victor Moreaux,Montauban,LOCK,2,54.0,27.0,7.41,,,,,,,2.96,0.0,0.0,,0.0,,,,
lnr_1897,Yvan Reilhac,Montauban,CENTRE,2,144.0,72.0,3.33,,,,,,,1.67,1.11,0.0,,5.56,,,,
lnr_2342,Mathieu Tanguy,Perpignan,LOCK,17,775.0,45.6,8.57,,,,,,,0.31,0.1,0.1,,0.0,,,,
lnr_2282,Kieran Brookes,Perpignan,FRONT_ROW,15,705.0,47.0,7.83,,,,,,,0.11,0.0,0.0,,0.0,,,,
lnr_2389,Bruce Devaux,Perpignan,FRONT_ROW,15,600.0,40.0,7.87,,,,,,,0.0,0.0,0.13,,0.0,,,,
lnr_1987,Tom Ecochard,Perpignan,SCRUM_HALF,15,735.0,49.0,7.4,,,,,,,0.44,0.11,0.0,,0.54,,,,
lnr_2001,A. Duguivalu,Perpignan,CENTRE,14,955.0,68.2,6.53,,,,,,,0.92,0.5,0.17,,0.84,,,,
lnr_12733,Maxwell Hicks,Perpignan,LOCK,14,912.0,65.1,8.6,,,,,,,0.0,0.09,0.61,,0.44,,,,
lnr_2383,Mattéo Le Corvec,Perpignan,BACK_ROW,13,576.0,44.3,11.81,,,,,,,0.14,0.14,0.14,,1.39,,,,
lnr_679,Peceli Yato,Perpignan,BACK_ROW,13,628.0,48.3,8.03,,,,,,,0.89,0.51,0.76,,1.91,,,,
lnr_1782,J. Hall,Perpignan,SCRUM_HALF,12,460.0,38.3,9.74,,,,,,,0.87,0.52,0.17,,0.0,,,,
lnr_662,Giorgi Beria,Perpignan,FRONT_ROW,11,418.0,38.0,14.55,,,,,,,0.77,0.0,0.77,,0.0,,,,
lnr_398,P. Ceccarelli,Perpignan,FRONT_ROW,11,421.0,38.3,10.45,,,,,,,0.0,0.0,0.19,,0.0,,,,
lnr_1971,Theo Forner,Perpignan,FULLBACK,11,847.0,77.0,4.16,,,,,,,0.94,1.13,0.28,,0.0,,,,
lnr_92,J. Joseph,Perpignan,FULLBACK,11,797.0,72.5,5.02,,,,,,,0.7,0.6,0.1,,3.01,,,,
lnr_1967,Mathys Lotrian,Perpignan,FRONT_ROW,11,420.0,38.2,13.33,,,,,,,0.0,0.19,0.19,,0.95,,,,
lnr_13558,J. Ritchie,Perpignan,LOCK,11,811.0,73.7,22.89,,,,,,,0.39,0.39,0.79,,0.0,,,,
lnr_693,J. Van Tonder,Perpignan,LOCK,11,644.0,58.5,13.66,,,,,,,0.37,0.37,0.5,,0.0,,,,
lnr_2388,Adrien Warion,Perpignan,LOCK,11,639.0,58.1,13.9,,,,,,,0.5,0.0,0.25,,0.0,,,,
lnr_2632,E. Buliruarua,Perpignan,CENTRE,10,613.0,61.3,7.05,,,,,,,0.52,0.52,0.26,,1.96,,,,
lnr_323,M. Diaby,Perpignan,BACK_ROW,10,366.0,36.6,12.24,,,,,,,0.22,0.0,0.44,,0.0,,,,
lnr_13637,S. Malolo,Perpignan,FRONT_ROW,10,427.0,42.7,11.43,,,,,,,0.56,0.94,0.56,,0.94,,,,
lnr_1990,G. Tetrashvili,Perpignan,FRONT_ROW,10,416.0,41.6,10.19,,,,,,,0.0,0.0,0.0,,0.0,,,,
lnr_1970,Bastien Chinarro,Perpignan,LOCK,9,471.0,52.3,10.02,,,,,,,0.34,0.34,0.17,,1.7,,,,
lnr_11982,Job Poulet,Perpignan,CENTRE,9,323.0,35.9,6.69,,,,,,,0.74,0.25,0.5,,0.0,,,,
lnr_1784,N. Roelofse,Perpignan,FRONT_ROW,9,281.0,31.2,6.26,,,,,,,0.0,0.28,0.28,,0.0,,,,
lnr_9603,Tommaso Allan,Perpignan,FLY_HALF,8,477.0,59.6,1.84,,,,,,,0.34,0.34,0.0,,10.06,,,,
lnr_1961,Maxim Granell,Perpignan,CENTRE,8,596.0,74.5,8.05,,,,,,,0.4,0.54,0.13,,2.01,,,,
lnr_1955,Joaquin Oviedo,Perpignan,BACK_ROW,8,508.0,63.5,10.71,,,,,,,0.63,0.47,0.16,,1.57,,,,
lnr_11989,Ignacio Ruiz,Perpignan,FRONT_ROW,8,400.0,50.0,10.2,,,,,,,0.2,0.2,0.0,,2.0,,,,
lnr_1447,Gela Aprasidze,Perpignan,SCRUM_HALF,7,209.0,29.9,6.12,,,,,,,0.38,0.0,0.0,,1.15,,,,
lnr_2010,Lucas Dubois,Perpignan,WINGER,7,503.0,71.9,2.39,,,,,,,0.32,0.64,0.0,,0.8,,,,
lnr_1976,T. Tedder,Perpignan,FLY_HALF,7,450.0,64.3,2.49,,,,,,,1.24,0.36,0.0,,2.31,,,,
lnr_594,B. Urdapilleta,Perpignan,FLY_HALF,7,416.0,59.4,8.46,,,,,,,0.77,0.0,0.19,,8.65,,,,
lnr_2025,Lucas Velarte,Perpignan,FRONT_ROW,7,383.0,54.7,14.2,,,,,,,0.84,0.0,0.63,,3.13,,,,
lnr_1047,Tavite Veredamu,Perpignan,BACK_ROW,7,531.0,75.9,6.18,,,,,,,1.05,1.05,0.15,,0.75,,,,
lnr_1952,Posolo Tuilagi,Perpignan,BACK_ROW,6,223.0,37.2,12.56,,,,,,,1.08,0.0,0.72,,1.79,,,,
lnr_2009,V. Montgaillard,Perpignan,FRONT_ROW,5,153.0,30.6,17.25,,,,,,,0.0,0.0,0.52,,0.0,,,,
lnr_13878,J. Petaia,Perpignan,CENTRE,5,282.0,56.4,5.39,,,,,,,0.0,0.0,0.0,,0.0,,,,
lnr_1013,N. Della Schiava,Perpignan,BACK_ROW,4,152.0,38.0,7.89,,,,,,,1.05,0.0,0.0,,0.0,,,,
lnr_2385,Duncan Paia'aua,Perpignan,CENTRE,4,276.0,69.0,4.93,,,,,,,0.29,0.29,0.0,,1.45,,,,
lnr_1646,Antoine Aucagne,Perpignan,FLY_HALF,3,135.0,45.0,2.96,,,,,,,0.0,0.59,0.0,,4.15,,,,
lnr_1962,G. Kretchmann,Perpignan,FULLBACK,3,48.0,16.0,8.33,,,,,,,0.0,0.0,0.0,,0.0,,,,
lnr_12480,Andro Dvali,Perpignan,BACK_ROW,2,48.0,24.0,10.0,,,,,,,0.0,0.0,0.0,,0.0,,,,
lnr_2671,Matis Perchaud,Bordeaux,FRONT_ROW,18,657.0,36.5,12.54,,,,,,,0.61,0.12,0.49,,0.0,,,,
lnr_11240,C. Sadie,Bordeaux,FRONT_ROW,18,838.0,46.6,8.31,,,,,,,0.0,0.1,0.1,,0.95,,,,
lnr_335,B. Vergnes Taillefer,Bordeaux,BACK_ROW,16,727.0,45.4,12.87,,,,,,,0.55,0.33,0.0,,1.65,,,,
lnr_329,J. Poirot,Bordeaux,FRONT_ROW,15,660.0,44.0,11.76,,,,,,,0.36,0.12,0.24,,1.21,,,,
lnr_349,Maxime Lamothe,Bordeaux,FRONT_ROW,14,691.0,49.4,12.62,,,,,,,0.12,0.35,0.58,,1.74,,,,
lnr_205,Temo Matiu,Bordeaux,BACK_ROW,14,862.0,61.6,10.67,,,,,,,0.65,0.56,0.28,,0.93,,,,
lnr_12774,Salesi Rayasi,Bordeaux,WINGER,14,800.0,57.1,3.3,,,,,,,0.6,1.4,0.2,,4.0,,,,
lnr_324,Cyril Cazeaux,Bordeaux,LOCK,13,682.0,52.5,10.44,,,,,,,0.47,0.0,0.0,,0.59,,,,
lnr_203,Tiaan Jacobs,Bordeaux,LOCK,13,498.0,38.3,12.21,,,,,,,0.16,0.0,0.48,,0.0,,,,
lnr_313,Pablo Uberti,Bordeaux,CENTRE,13,935.0,71.9,7.36,,,,,,,0.43,0.34,0.09,,0.43,,,,
lnr_304,N. Depoortere,Bordeaux,CENTRE,12,868.0,72.3,6.91,,,,,,,0.83,0.92,0.0,,4.15,,,,
lnr_12571,R. Janse Van Rensburg,Bordeaux,CENTRE,12,735.0,61.2,8.27,,,,,,,0.44,0.33,0.65,,0.0,,,,
lnr_3607,Marko Gazzotti,Bordeaux,BACK_ROW,11,571.0,51.9,11.63,,,,,,,0.56,0.0,0.28,,2.1,,,,
lnr_339,Matthieu Jalibert,Bordeaux,FLY_HALF,11,798.0,72.5,5.31,,,,,,,2.11,1.4,0.1,,8.22,,,,
lnr_638,Gaëtan Barlot,Bordeaux,FRONT_ROW,10,389.0,38.9,15.42,,,,,,,1.23,0.21,0.41,,3.08,,,,
lnr_277,L. Bielle-biarrey,Bordeaux,FULLBACK,10,713.0,71.3,2.58,,,,,,,0.9,1.91,0.0,,5.61,,,,
lnr_318,Romain Buros,Bordeaux,FULLBACK,10,667.0,66.7,2.4,,,,,,,0.6,0.48,0.0,,3.0,,,,
lnr_12498,J. Gray,Bordeaux,LOCK,10,457.0,45.7,15.75,,,,,,,0.7,0.0,0.0,,0.0,,,,
lnr_13482,V. Hutteau,Bordeaux,SCRUM_HALF,10,334.0,33.4,3.35,,,,,,,2.16,0.48,0.48,,1.2,,,,
lnr_3536,Xan Mousques,Bordeaux,FULLBACK,10,508.0,50.8,3.62,,,,,,,1.1,0.63,0.0,,0.79,,,,
lnr_2495,Martin Page Relo,Bordeaux,SCRUM_HALF,10,459.0,45.9,3.66,,,,,,,0.52,0.52,0.0,,6.62,,,,
lnr_11744,J. Laharrague,Bordeaux,FLY_HALF,9,230.0,25.6,6.61,,,,,,,1.04,0.7,0.0,,3.48,,,,
lnr_2441,Arthur Retiere,Bordeaux,SCRUM_HALF,9,294.0,32.7,4.9,,,,,,,2.18,1.09,0.27,,2.72,,,,
lnr_531,Connor Sa,Bordeaux,FRONT_ROW,9,359.0,39.9,11.36,,,,,,,0.22,0.22,0.22,,2.23,,,,
lnr_279,Pierre Bochaton,Bordeaux,LOCK,8,545.0,68.1,8.81,,,,,,,0.59,0.29,0.29,,0.0,,,,
lnr_12425,Joseph Carbery,Bordeaux,FLY_HALF,8,379.0,47.4,4.64,,,,,,,0.84,0.21,0.0,,5.28,,,,
lnr_9642,Adam Coleman,Bordeaux,LOCK,7,372.0,53.1,11.18,,,,,,,0.86,0.22,0.22,,0.0,,,,
lnr_311,Sipili Falatea,Bordeaux,FRONT_ROW,7,230.0,32.9,10.09,,,,,,,0.7,0.0,0.0,,1.74,,,,
lnr_331,Maxime Lucu,Bordeaux,SCRUM_HALF,7,557.0,79.6,7.76,,,,,,,0.43,0.57,0.0,,7.9,,,,
lnr_340,B. Tameifuna,Bordeaux,FRONT_ROW,7,266.0,38.0,5.71,,,,,,,1.2,0.3,0.9,,1.5,,,,
lnr_338,Y. Falatea Moefana,Bordeaux,CENTRE,5,285.0,57.0,6.74,,,,,,,2.25,0.28,0.0,,0.0,,,,
lnr_309,Ugo Boniface,Bordeaux,FRONT_ROW,4,117.0,29.2,10.26,,,,,,,2.05,0.0,0.0,,3.42,,,,
lnr_12202,Adrien Drault,Bordeaux,CENTRE,4,174.0,43.5,7.36,,,,,,,0.0,0.46,0.0,,2.3,,,,
lnr_11712,Jon Echegaray,Bordeaux,WINGER,4,238.0,59.5,1.34,,,,,,,2.02,0.34,0.0,,1.34,,,,
lnr_903,T. Taufa,Bordeaux,FRONT_ROW,4,106.0,26.5,6.79,,,,,,,0.0,0.75,0.75,,0.0,,,,
